{
    "1258092578763706468": {
        "12": {
            "ID": "12",
            "nome": "Não configurado",
            "quantidade": 1,
            "valor": 10
        },
        "status": "Pagando com pix",
        "user": "939390181667143700",
        "username": "175h",
        "preco": 10,
        "data": 1720023041873,
        "pagamento": "Pix",
        "cupomutilizado": "Nenhum",
        "valorcupom": 0,
        "produtos": [
            "12"
        ],
        "addprodutos": "nao",
        "avaliou": "nao",
        "idreembolso": "sem",
        "entregue": []
    },
    "1258162783753605202": {
        "status": "Entregue",
        "user": "939390181667143700",
        "username": "175h",
        "preco": 10,
        "data": 1720039779731,
        "pagamento": "Aprovação manual",
        "cupomutilizado": "Nenhum",
        "valorcupom": 0,
        "produtos": [
            "teste/"
        ],
        "addprodutos": "nao",
        "avaliou": "sim",
        "idreembolso": "sem",
        "entregue": [
            "📦 | Entrega do Produto: Não configurado - 1/1\nteste\n\n"
        ],
        "teste/": {
            "ID": "teste/",
            "nome": "Não configurado",
            "quantidade": 1,
            "valor": "10.00"
        }
    },
    "1264800721631707229": {
        "status": "Gerenciando (2)",
        "user": "977201162107367424",
        "username": "yatosama6644",
        "preco": 3.5,
        "data": 1721622391459,
        "pagamento": "Pix",
        "cupomutilizado": "Nenhum",
        "valorcupom": 0,
        "produtos": [
            "SUPER LUCK"
        ],
        "addprodutos": "nao",
        "avaliou": "nao",
        "idreembolso": "sem",
        "entregue": [],
        "SUPER LUCK": {
            "ID": "SUPER LUCK",
            "nome": "SUPER LUCKY",
            "quantidade": 1,
            "valor": "3.5"
        }
    },
    "1264801433325273259": {
        "status": "Entregue",
        "user": "977201162107367424",
        "username": "yatosama6644",
        "preco": 10,
        "data": 1721622561063,
        "pagamento": "Aprovação manual",
        "cupomutilizado": "Nenhum",
        "valorcupom": 0,
        "produtos": [
            "100X SUPER DROP"
        ],
        "addprodutos": "nao",
        "avaliou": "sim",
        "idreembolso": "sem",
        "entregue": [
            "📦 | Entrega do Produto: 100x SUPER DROP - 1/1\nABRIR TICKET : BOSSTER SUPER DROP\n\n"
        ],
        "100X SUPER DROP": {
            "ID": "100X SUPER DROP",
            "nome": "100x SUPER DROP",
            "quantidade": 1,
            "valor": 10
        }
    }
}