{
    "certo": "✅",
    "emojix": "❌",
    "config": "⚙️",
    "alerta": "⚠️",
    "comprimento": "🤝",
    "link": "🔗",
    "relogio": "🕒",
    "saco": "💰",
    "martelo": "🛠️",
    "tabela": "📋",
    "desc": "📰",
    "lupa": "🔍",
    "label": "🏷️",
    "produto": "🪐",
    "preco": "💸",
    "caixa": "📦",
    "jornal": "📰",
    "sino": "🔔",
    "carrinho": "🛒",
    "pasta": "📁",
    "quadro": "🖼️",
    "user": "👥",
    "pincel": "🖌️",
    "trofeu": "🏆",
    "carregando": "🔄",
    "sorteio": "🎉",
    "chave": "🔑",
    "cadeado": "🔓",
    "estrela": "✨",
    "seta": "➡️",
    "aviso": "📣",
    "presente": "🎁",
    "coracao": "❤️",
    "raio": "⚡",
    "sirene": "🚨",
    "data": "📅",
    "estrela2": "💫",
    "id": "🆔",
    "cartao": "💳",
    "diamante": "💎",
    "urso": "🐻",
    "coroa": "👑",
    "cor": "🎨",
    "caderno": "📔",
    "error": "❗",
    "configbot": "<a:white_exclamation:1258086744939692085>"
}