{
    "BOSSTERS": {
        "titulo": "BOOSTER",
        "desc": "TODOS OS BOOSTERS",
        "rodape": "null",
        "placeholder": "Selecione um Produto",
        "cor": "#090b0c",
        "banner": "null",
        "thumb": "null",
        "idmsg": "1264799203394191462",
        "idcanal": "1264747488888229948",
        "produtos": [
            "SUPER LUCK",
            "100X SUPER DROP",
            "100x SUPER TIME",
            "SUPER DAMAGE",
            "SUPER XP",
            "MEGA LUCK",
            "SUPER IEN"
        ]
    },
    "PEDRAS": {
        "titulo": "PEDRAS",
        "desc": "TODAS AS PEDRAS",
        "rodape": "null",
        "placeholder": "Selecione um Produto",
        "cor": "#090b0c",
        "banner": "null",
        "thumb": "null",
        "idmsg": "1264802162790236162",
        "idcanal": "1264747488888229948",
        "produtos": [
            "PEDRA AMARELA",
            "PEDRA AZUL",
            "PEDRA VERDE",
            "PEDRA VERMELHA",
            "PEDRA ROXA"
        ]
    },
    "GAMEPASS": {
        "titulo": "GAMEEPASS",
        "desc": "GAMEPASS ANIME FIGHETS",
        "rodape": "null",
        "placeholder": "Selecione um Produto",
        "cor": "#090b0c",
        "banner": "null",
        "thumb": "null",
        "idmsg": "1265067095704735784",
        "idcanal": "1264747726818771286",
        "produtos": [
            "SPRINT",
            "TELEPORT",
            "AUTO CLICKER",
            "AUTO ATAQUE",
            "SORTE",
            "AUTO COLLECT",
            "MOCHILA PEQUENA",
            "VAULT SLOT",
            "INSTANT PASSIVE SPIN",
            "FAST OPEN",
            "2X YEN",
            "2X EXP",
            "VIP",
            "MOCHILA GRANDE"
        ]
    }
}